{"cameraMode":{"drawMode":0,"name":"Shaded","section":"Shading Mode"},"sceneLighting":true,"audioPlay":false,"sceneViewState":{"m_AlwaysRefresh":false,"showFog":true,"showSkybox":true,"showFlares":true,"showImageEffects":true,"showParticleSystems":true,"showVisualEffectGraphs":true,"m_FxEnabled":true},"in2DMode":false,"pivot":{"x":-16.257740020751954,"y":-48.933380126953128,"z":101.8731460571289},"rotation":{"x":-0.25947651267051699,"y":0.048050954937934878,"z":-0.012919995933771134,"w":-0.964480996131897},"size":112.7628173828125,"orthographic":false}